公司代號,公司名稱,MD檔案數量,處理狀態,平均品質評分,最高品質評分,搜尋關鍵字數量,主要關鍵字,關鍵字平均品質,最新檔案日期,驗證狀態,處理日期
2308,台達電,8,📄 多個檔案,7.12,9.5,11,"FactSet, site, 31T19",7.12,2025/9/25,✅ 驗證通過,2026-01-04 00:13:11
2317,鴻海,1,✅ 已處理,7.2,7.2,6,"預估, EPS, FactSet",7.2,2025/4/7,✅ 驗證通過,2026-01-04 00:13:11
2324,仁寶,1,✅ 已處理,8.2,8.2,6,"預估, EPS, FactSet",8.2,2025/4/7,✅ 驗證通過,2026-01-04 00:13:11
2330,台積電,0,❌ 未找到,0.0,0.0,0,,0.0,,✅ 驗證通過,2026-01-04 00:13:11
2347,聯強,0,❌ 未找到,0.0,0.0,0,,0.0,,✅ 驗證通過,2026-01-04 00:13:11
2354,鴻準,0,❌ 未找到,0.0,0.0,0,,0.0,,✅ 驗證通過,2026-01-04 00:13:11
2356,英業達,3,📄 多個檔案,8.43,8.9,8,"預估, EPS, FactSet",8.43,2025/7/22,✅ 驗證通過,2026-01-04 00:13:11
2357,華碩,5,📄 多個檔案,9.4,9.4,8,"預估, EPS, FactSet",9.4,2025/8/25,✅ 驗證通過,2026-01-04 00:13:11
2376,技嘉,1,✅ 已處理,8.9,8.9,6,"預估, EPS, FactSet",8.9,2025/9/24,✅ 驗證通過,2026-01-04 00:13:11
2377,微星,1,✅ 已處理,8.2,8.2,6,"預估, EPS, FactSet",8.2,2025/3/13,✅ 驗證通過,2026-01-04 00:13:11
2379,瑞昱,0,❌ 未找到,0.0,0.0,0,,0.0,,✅ 驗證通過,2026-01-04 00:13:11
2382,廣達,0,❌ 未找到,0.0,0.0,0,,0.0,,✅ 驗證通過,2026-01-04 00:13:11
2395,研華,1,✅ 已處理,9.4,9.4,6,"預估, EPS, FactSet",9.4,2025/10/9,✅ 驗證通過,2026-01-04 00:13:11
2405,輔信,0,❌ 未找到,0.0,0.0,0,,0.0,,✅ 驗證通過,2026-01-04 00:13:11
2412,中華電,0,❌ 未找到,0.0,0.0,0,,0.0,,✅ 驗證通過,2026-01-04 00:13:11
2451,創見,0,❌ 未找到,0.0,0.0,0,,0.0,,✅ 驗證通過,2026-01-04 00:13:11
2454,聯發科,9,📄 多個檔案,8.33,9.7,10,"31T19, FactSet, site",8.33,2025/8/4,✅ 驗證通過,2026-01-04 00:13:11
2458,義隆,1,✅ 已處理,8.2,8.2,6,"預估, EPS, FactSet",8.2,2025/12/22,✅ 驗證通過,2026-01-04 00:13:11
2474,可成,0,❌ 未找到,0.0,0.0,0,,0.0,,✅ 驗證通過,2026-01-04 00:13:11
2480,敦陽科,0,❌ 未找到,0.0,0.0,0,,0.0,,✅ 驗證通過,2026-01-04 00:13:11
3022,威強電,0,❌ 未找到,0.0,0.0,0,,0.0,,✅ 驗證通過,2026-01-04 00:13:11
3026,禾伸堂,0,❌ 未找到,0.0,0.0,0,,0.0,,✅ 驗證通過,2026-01-04 00:13:11
3034,聯詠,2,📄 多個檔案,9.55,9.7,7,"聯詠, 01T10, 目標價",9.55,2025/5/13,✅ 驗證通過,2026-01-04 00:13:11
3045,台灣大,0,❌ 未找到,0.0,0.0,0,,0.0,,✅ 驗證通過,2026-01-04 00:13:11
3048,益登,0,❌ 未找到,0.0,0.0,0,,0.0,,✅ 驗證通過,2026-01-04 00:13:11
3231,緯創,1,✅ 已處理,8.9,8.9,6,"預估, EPS, FactSet",8.9,2025/5/2,✅ 驗證通過,2026-01-04 00:13:11
3356,奇偶,0,❌ 未找到,0.0,0.0,0,,0.0,,✅ 驗證通過,2026-01-04 00:13:11
4938,和碩,5,📄 多個檔案,8.62,8.9,7,"和碩, 31T19, 目標價",8.62,2025/8/16,✅ 驗證通過,2026-01-04 00:13:11
5203,訊連,0,❌ 未找到,0.0,0.0,0,,0.0,,✅ 驗證通過,2026-01-04 00:13:11
6214,精誠,0,❌ 未找到,0.0,0.0,0,,0.0,,✅ 驗證通過,2026-01-04 00:13:11
6285,啟碁,1,✅ 已處理,5.7,5.7,6,"預估, EPS, FactSet",5.7,2025/11/7,✅ 驗證通過,2026-01-04 00:13:11
6462,神盾,0,❌ 未找到,0.0,0.0,0,,0.0,,✅ 驗證通過,2026-01-04 00:13:11
9914,美利達,3,📄 多個檔案,8.9,8.9,8,"預估, EPS, FactSet",8.9,2025/12/12,✅ 驗證通過,2026-01-04 00:13:11
9921,巨大,4,📄 多個檔案,7.85,8.0,8,"預估, EPS, FactSet",7.85,2025/12/12,✅ 驗證通過,2026-01-04 00:13:11
8272,全景軟體,0,❌ 未找到,0.0,0.0,0,,0.0,,✅ 驗證通過,2026-01-04 00:13:11
8299,群聯,6,📄 多個檔案,8.43,8.9,9,"EPS, 31T19, 預估",8.43,2025/9/18,✅ 驗證通過,2026-01-04 00:13:11
5434,崇越,0,❌ 未找到,0.0,0.0,0,,0.0,,✅ 驗證通過,2026-01-04 00:13:11
6526,達發,0,❌ 未找到,0.0,0.0,0,,0.0,,✅ 驗證通過,2026-01-04 00:13:11
2301,光寶科,1,✅ 已處理,8.9,8.9,6,"預估, EPS, FactSet",8.9,2025/10/2,✅ 驗證通過,2026-01-04 00:13:11
3035,智原,1,✅ 已處理,8.5,8.5,6,"預估, EPS, FactSet",8.5,2025/8/14,✅ 驗證通過,2026-01-04 00:13:11
5269,祥碩,0,❌ 未找到,0.0,0.0,0,,0.0,,✅ 驗證通過,2026-01-04 00:13:11
6669,緯穎,1,✅ 已處理,9.7,9.7,6,"預估, EPS, FactSet",9.7,2025/10/24,✅ 驗證通過,2026-01-04 00:13:11
6695,芯鼎,0,❌ 未找到,0.0,0.0,0,,0.0,,✅ 驗證通過,2026-01-04 00:13:11
6561,是方,0,❌ 未找到,0.0,0.0,0,,0.0,,✅ 驗證通過,2026-01-04 00:13:11
7765,中華資安,0,❌ 未找到,0.0,0.0,0,,0.0,,✅ 驗證通過,2026-01-04 00:13:11
3150,鈺寶-創,0,❌ 未找到,0.0,0.0,0,,0.0,,✅ 驗證通過,2026-01-04 00:13:11
2646,星宇航空,0,❌ 未找到,0.0,0.0,0,,0.0,,✅ 驗證通過,2026-01-04 00:13:11
4953,緯軟,0,❌ 未找到,0.0,0.0,0,,0.0,,✅ 驗證通過,2026-01-04 00:13:11
6231,系微,0,❌ 未找到,0.0,0.0,0,,0.0,,✅ 驗證通過,2026-01-04 00:13:11
9917,中保科,0,❌ 未找到,0.0,0.0,0,,0.0,,✅ 驗證通過,2026-01-04 00:13:11
3558,神準,0,❌ 未找到,0.0,0.0,0,,0.0,,✅ 驗證通過,2026-01-04 00:13:11
2450,神腦,0,❌ 未找到,0.0,0.0,0,,0.0,,✅ 驗證通過,2026-01-04 00:13:11
2303,聯電,0,❌ 未找到,0.0,0.0,0,,0.0,,✅ 驗證通過,2026-01-04 00:13:11
7708,全家餐飲,0,❌ 未找到,0.0,0.0,0,,0.0,,✅ 驗證通過,2026-01-04 00:13:11
6613,朋億,0,❌ 未找到,0.0,0.0,0,,0.0,,✅ 驗證通過,2026-01-04 00:13:11
7703,銳澤,0,❌ 未找到,0.0,0.0,0,,0.0,,✅ 驗證通過,2026-01-04 00:13:11
2353,宏碁,0,❌ 未找到,0.0,0.0,0,,0.0,,✅ 驗證通過,2026-01-04 00:13:11
3158,嘉實,0,❌ 未找到,0.0,0.0,0,,0.0,,✅ 驗證通過,2026-01-04 00:13:11
6035,悠遊卡,0,❌ 未找到,0.0,0.0,0,,0.0,,✅ 驗證通過,2026-01-04 00:13:11
7722,LINEPAY,0,❌ 未找到,0.0,0.0,0,,0.0,,✅ 驗證通過,2026-01-04 00:13:11
5904,寶雅,0,❌ 未找到,0.0,0.0,0,,0.0,,✅ 驗證通過,2026-01-04 00:13:11
6182,合晶,0,❌ 未找到,0.0,0.0,0,,0.0,,✅ 驗證通過,2026-01-04 00:13:11
6962,奕力-KY,0,❌ 未找到,0.0,0.0,0,,0.0,,✅ 驗證通過,2026-01-04 00:13:11
7705,三商餐飲,0,❌ 未找到,0.0,0.0,0,,0.0,,✅ 驗證通過,2026-01-04 00:13:11
3014,聯陽,0,❌ 未找到,0.0,0.0,0,,0.0,,✅ 驗證通過,2026-01-04 00:13:11
6720,久昌,0,❌ 未找到,0.0,0.0,0,,0.0,,✅ 驗證通過,2026-01-04 00:13:11
6757,台灣虎航,0,❌ 未找到,0.0,0.0,0,,0.0,,✅ 驗證通過,2026-01-04 00:13:11
7794,宏碁智新,0,❌ 未找到,0.0,0.0,0,,0.0,,✅ 驗證通過,2026-01-04 00:13:11
6996,力領科技,0,❌ 未找到,0.0,0.0,0,,0.0,,✅ 驗證通過,2026-01-04 00:13:11
8016,矽創,0,❌ 未找到,0.0,0.0,0,,0.0,,✅ 驗證通過,2026-01-04 00:13:11
8045,達運光電,0,❌ 未找到,0.0,0.0,0,,0.0,,✅ 驗證通過,2026-01-04 00:13:11
7704,明遠精密,0,❌ 未找到,0.0,0.0,0,,0.0,,✅ 驗證通過,2026-01-04 00:13:11
6997,博弘,0,❌ 未找到,0.0,0.0,0,,0.0,,✅ 驗證通過,2026-01-04 00:13:11
4749,新應材,0,❌ 未找到,0.0,0.0,0,,0.0,,✅ 驗證通過,2026-01-04 00:13:11
7747,昕奇雲端,0,❌ 未找到,0.0,0.0,0,,0.0,,✅ 驗證通過,2026-01-04 00:13:11
6123,上奇,0,❌ 未找到,0.0,0.0,0,,0.0,,✅ 驗證通過,2026-01-04 00:13:11
6425,易發,0,❌ 未找到,0.0,0.0,0,,0.0,,✅ 驗證通過,2026-01-04 00:13:11
7712,博盛半導體,0,❌ 未找到,0.0,0.0,0,,0.0,,✅ 驗證通過,2026-01-04 00:13:11
6811,宏碁資訊,0,❌ 未找到,0.0,0.0,0,,0.0,,✅ 驗證通過,2026-01-04 00:13:11
3029,零壹,0,❌ 未找到,0.0,0.0,0,,0.0,,✅ 驗證通過,2026-01-04 00:13:11
6690,安碁資訊,0,❌ 未找到,0.0,0.0,0,,0.0,,✅ 驗證通過,2026-01-04 00:13:11
6763,綠界科技,0,❌ 未找到,0.0,0.0,0,,0.0,,✅ 驗證通過,2026-01-04 00:13:11
6751,智聯服務,0,❌ 未找到,0.0,0.0,0,,0.0,,✅ 驗證通過,2026-01-04 00:13:11
6442,光聖,0,❌ 未找到,0.0,0.0,0,,0.0,,✅ 驗證通過,2026-01-04 00:13:11
8454,富邦媒,0,❌ 未找到,0.0,0.0,0,,0.0,,✅ 驗證通過,2026-01-04 00:13:11
2332,友訊,0,❌ 未找到,0.0,0.0,0,,0.0,,✅ 驗證通過,2026-01-04 00:13:11
7805,威聯通,0,❌ 未找到,0.0,0.0,0,,0.0,,✅ 驗證通過,2026-01-04 00:13:11
5536,聖暉,0,❌ 未找到,0.0,0.0,0,,0.0,,✅ 驗證通過,2026-01-04 00:13:11
6125,廣運,0,❌ 未找到,0.0,0.0,0,,0.0,,✅ 驗證通過,2026-01-04 00:13:11
2359,所羅門,0,❌ 未找到,0.0,0.0,0,,0.0,,✅ 驗證通過,2026-01-04 00:13:11
6506,雙邦,0,❌ 未找到,0.0,0.0,0,,0.0,,✅ 驗證通過,2026-01-04 00:13:11
3293,鈊象,0,❌ 未找到,0.0,0.0,0,,0.0,,✅ 驗證通過,2026-01-04 00:13:11
5274,信驊,3,📄 多個檔案,9.4,9.4,8,"預估, EPS, FactSet",9.4,2025/11/6,✅ 驗證通過,2026-01-04 00:13:11
2603,長榮,1,✅ 已處理,8.1,8.1,6,"預估, EPS, FactSet",8.1,2025/8/5,✅ 驗證通過,2026-01-04 00:13:11
7547,碩網,0,❌ 未找到,0.0,0.0,0,,0.0,,✅ 驗證通過,2026-01-04 00:13:11
7734,印能科技,0,❌ 未找到,0.0,0.0,0,,0.0,,✅ 驗證通過,2026-01-04 00:13:11
7736,虎山,0,❌ 未找到,0.0,0.0,0,,0.0,,✅ 驗證通過,2026-01-04 00:13:11
7728,光焱科技,0,❌ 未找到,0.0,0.0,0,,0.0,,✅ 驗證通過,2026-01-04 00:13:11
7732,金興精密,0,❌ 未找到,0.0,0.0,0,,0.0,,✅ 驗證通過,2026-01-04 00:13:11
7769,鴻勁,0,❌ 未找到,0.0,0.0,0,,0.0,,✅ 驗證通過,2026-01-04 00:13:11
2383,台光電,0,❌ 未找到,0.0,0.0,0,,0.0,,✅ 驗證通過,2026-01-04 00:13:11
7709,榮田,0,❌ 未找到,0.0,0.0,0,,0.0,,✅ 驗證通過,2026-01-04 00:13:11
7713,威力德生醫,0,❌ 未找到,0.0,0.0,0,,0.0,,✅ 驗證通過,2026-01-04 00:13:11
3260,威剛,0,❌ 未找到,0.0,0.0,0,,0.0,,✅ 驗證通過,2026-01-04 00:13:11
4114,健喬,0,❌ 未找到,0.0,0.0,0,,0.0,,✅ 驗證通過,2026-01-04 00:13:11
3467,台灣精材,0,❌ 未找到,0.0,0.0,0,,0.0,,✅ 驗證通過,2026-01-04 00:13:11
7737,凱鈿,0,❌ 未找到,0.0,0.0,0,,0.0,,✅ 驗證通過,2026-01-04 00:13:11
6597,立誠,0,❌ 未找到,0.0,0.0,0,,0.0,,✅ 驗證通過,2026-01-04 00:13:11
6850,光鼎生技,0,❌ 未找到,0.0,0.0,0,,0.0,,✅ 驗證通過,2026-01-04 00:13:11
6902,GOGOLOOK,0,❌ 未找到,0.0,0.0,0,,0.0,,✅ 驗證通過,2026-01-04 00:13:11
6918,愛派司,0,❌ 未找到,0.0,0.0,0,,0.0,,✅ 驗證通過,2026-01-04 00:13:11
6925,意藍,0,❌ 未找到,0.0,0.0,0,,0.0,,✅ 驗證通過,2026-01-04 00:13:11
7749,意騰-KY,0,❌ 未找到,0.0,0.0,0,,0.0,,✅ 驗證通過,2026-01-04 00:13:11
2449,京元電子,0,❌ 未找到,0.0,0.0,0,,0.0,,✅ 驗證通過,2026-01-04 00:13:11
2345,智邦,0,❌ 未找到,0.0,0.0,0,,0.0,,✅ 驗證通過,2026-01-04 00:13:11
6510,精測,0,❌ 未找到,0.0,0.0,0,,0.0,,✅ 驗證通過,2026-01-04 00:13:11
3661,世芯-KY,0,❌ 未找到,0.0,0.0,0,,0.0,,✅ 驗證通過,2026-01-04 00:13:11
2881,富邦金,0,❌ 未找到,0.0,0.0,0,,0.0,,✅ 驗證通過,2026-01-04 00:13:11
2882,國泰金,0,❌ 未找到,0.0,0.0,0,,0.0,,✅ 驗證通過,2026-01-04 00:13:11
2891,中信金,0,❌ 未找到,0.0,0.0,0,,0.0,,✅ 驗證通過,2026-01-04 00:13:11
2884,玉山金,0,❌ 未找到,0.0,0.0,0,,0.0,,✅ 驗證通過,2026-01-04 00:13:11
3711,日月光投控,0,❌ 未找到,0.0,0.0,0,,0.0,,✅ 驗證通過,2026-01-04 00:13:11
2408,南亞科,0,❌ 未找到,0.0,0.0,0,,0.0,,✅ 驗證通過,2026-01-04 00:13:11
2360,致茂,0,❌ 未找到,0.0,0.0,0,,0.0,,✅ 驗證通過,2026-01-04 00:13:11
3653,健策,0,❌ 未找到,0.0,0.0,0,,0.0,,✅ 驗證通過,2026-01-04 00:13:11
3665,貿聯-KY,0,❌ 未找到,0.0,0.0,0,,0.0,,✅ 驗證通過,2026-01-04 00:13:11
