Title,Link,Snippet,File,MD File,公司名稱,股票代號,日期,分析師數量,當前EPS預估,先前EPS預估,目標價,2025EPS最高值,2025EPS最低值,2025EPS平均值,2025EPS中位數,2026EPS最高值,2026EPS最低值,2026EPS平均值,2026EPS中位數,2027EPS最高值,2027EPS最低值,2027EPS平均值,2027EPS中位數,2025營收最高值,2025營收最低值,2025營收平均值,2025營收中位數,2026營收最高值,2026營收最低值,2026營收平均值,2026營收中位數,2027營收最高值,2027營收最低值,2027營收平均值,2027營收中位數
鉅亨速報- Factset 最新調查：中興電(1513-TW)目標價調升至201元 ...,https://hk.finance.yahoo.com/news/%E9%89%85%E4%BA%A8%E9%80%9F%E5%A0%B1-factset-%E6%9C%80%E6%96%B0%E8%AA%BF%E6%9F%A5-%E4%B8%AD%E8%88%88%E9%9B%BB-1513-041016818.html,22 小時前 ... FactSet 最新調查：中興電(1513-TW)目標價調升，最高估值、最低估值、中位數、綜合評級、近5日股價、大盤表現、即時新聞資訊。,PDF/webpage1.pdf,MD/webpage1.md,中興電,1513-TW,2025-06-20,7,201,190,,,,,,,,,,,,,,,,,,,,,,,,,
鉅亨速報- Factset 最新調查：聯發科(2454-TW)EPS預估下修至72.29 ...,https://tw.stock.yahoo.com/news/%E9%89%85%E4%BA%A8%E9%80%9F%E5%A0%B1-factset-%E6%9C%80%E6%96%B0%E8%AA%BF%E6%9F%A5-%E8%81%AF%E7%99%BC%E7%A7%91-2454-001031892.html,1 天前 ... 根據FactSet最新調查，共27位分析師，對聯發科(2454-TW)做出2025年EPS預估：中位數由72.91元下修至72.29元，其中最高估值81.31元，最低估值64.35元，預估目標價為1700元。,PDF/webpage2.txt,MD/webpage2.md,聯發科,2454-TW,2025-06-19,27,72.29,72.91,1700,81.31,64.35,72.06,72.29,81.31,64.35,72.19,72.91,98.23,71.17,85.32,85.03,642307140,569000000,607473200,616520660,791106910,623138000,703196170,705151500,999828910,711092000,829286970,809955740
鉅亨速報- Factset 最新調查：波克夏(A)(BRK.A-US)EPS預估下修至 ...,https://news.cnyes.com/news/id/6030555,2 天前 ... 根據FactSet最新調查，共5位分析師，對波克夏(A)(BRK.A-US)做出2025年EPS預估：中位數由30870元下修至29983.06元，其中最高估值31964.02元 ...,PDF/webpage3.pdf,MD/webpage3.md,,,2025-06-19,5,29983.06,30870,89.00,31964.02,29543.78,30445.64,29983.06,31964.02,29543.78,30826.71,30870,34197.9,30794.15,32326.49,32200,3803,3328,3629,3757,16,51,73,51,4071,3510,3818,3873
富邦NYSE FactSet台灣核心半導體指數ETF - 價格- ETF - MoneyDJ ...,https://www.moneydj.com/etf/x/basic/basic0003.xdjhtm?etfid=3076.hk,2 天前 ... 提供專業的金融網路資訊服務，幫您迅速掌握國內外即時財經新聞，除了有台股、美股、基金、港股、權證、ETF等投資專屬頻道，還有獨家專業的選股看盤商品，讓您輕鬆掌握致富 ...,PDF/webpage4.pdf,MD/webpage4.md,,,2025-06-20,,,,,,,,,,,,,,,,,,,,,,,,,,,,
FactSet研究系統公司| LinkedIn,https://tw.linkedin.com/company/factset?trk=products_seo_search,"4 天前 ... 地點 · 43 Glover Ave. 06850 USConnecticutNorwalk · One Snowden Street. 2DQ GBEC2ALondon · Level 15, Office 52, East Wing. AE Dubai · DFL CyberCity@Hyderabad.",PDF/webpage5.pdf,MD/webpage5.md,,,,,,,,,,,,,,,,,,,,,,,,,,,,,,,
SPDR FactSet創新科技ETF - 價格- ETF - MoneyDJ理財網,https://www.moneydj.com/etf/x/basic/basic0003.xdjhtm?etfid=xitk,4 天前 ... 提供專業的金融網路資訊服務，幫您迅速掌握國內外即時財經新聞，除了有台股、美股、基金、港股、權證、ETF等投資專屬頻道，還有獨家專業的選股看盤商品，讓您輕鬆掌握致富 ...,PDF/webpage6.pdf,MD/webpage6.md,,,2025-06-20,,,,,,,,,,,,,,,,,,,,,,,,,,,,
FDS - Factset Research Systems Inc. - 市場| 美股| Anue鉅亨,https://invest.cnyes.com/usstock/detail/FDS,7 天前 ... 本網站各類資訊報價由路孚特REFINITIV 提供，台股與外匯部分為即時資訊，國際股市及指數資料為延遲15分鐘資訊。 台股資訊來自台灣證券交易所、證券櫃檯買賣中心、台灣期貨 ...,PDF/webpage7.pdf,MD/webpage7.md,,,,,,,,,,,,,,,,,,,,,,,,,,,,,,,
FactSet Research Systems Inc (FDS) - 即時行情技術分析- 國際股市 ...,https://www.wantgoo.com/global/fds,"7 天前 ... FactSet Research Systems Inc (FDS) 技術分析 · MV5302,089.2 · MV20349,455.4 · 量325,974. K98.48; D912.46; K值> 80為紅點K值< 20 ...",,,,,,,,,,,,,,,,,,,,,,,,,,,,,,,,,
TPEx FactSet氣候韌性指數當日成分股- 證券櫃檯買賣中心,https://www.tpex.org.tw/zh-tw/indices/stock-index/factset/IX0201/consti.html,"2025年6月5日 ... TPEx FactSet氣候韌性指數成分股資訊. 序號, 股票代號名稱, 序號, 股票代號名稱, 序號, 股票代號名稱, 序號, 股票代號名稱. 1, 1268 漢來美食, 51, 3691 碩禾, 101 ...",PDF/webpage9.pdf,MD/webpage9.md,,,,,,,,,,,,,,,,,,,,,,,,,,,,,,,
鉅亨速報- Factset 最新調查：胡連(6279-TW)目標價調降至190元 ...,https://www.sinotrade.com.tw/richclub/news/683113098ff59b56a61be7bf,2025年5月22日 ... 鉅亨速報- Factset 最新調查：胡連(6279-TW)目標價調降至190元，幅度約6.86% ... 根據FactSet最新調查，共13位分析師，對胡連(6279-TW)提出目標價估值：中位數由204元下修至190元， ...,PDF/webpage10.pdf,MD/webpage10.md,胡連,6279-TW,2025-05-24,,,,,,,,,,,,,,,,,,,,,,,,,,,,
使用Microsoft Entra ID 設定FactSet 以進行單一登錄- Microsoft Entra ...,https://learn.microsoft.com/zh-tw/entra/identity/saas-apps/factset-tutorial,2025年4月29日 ... 設定FactSet SSO. 若要在FactSet 端設定單一登錄（SSO），您必須造訪FactSet 的控制中心，並在頁面上，從Azure 入口網站設定>並配置適當的複製URL。,PDF/webpage11.pdf,MD/webpage11.md,,,2025-04-30,,,,,,,,,,,,,,,,,,,,,,,,,,,,
Factset Research Systems Inc (FDS) 財報分析和股票健診，最新股價 ...,https://statementdog.com/analysis/FDS,2025年3月19日 ... 公司簡介 ... 慧甚研究系統公司成立於1978年，是一家特拉華州公司。該公司及其全資子公司是一家全球金融數字化平臺和企業解決方案提供商，產品開放靈活，帶動投資界多看多想、做 ...,PDF/webpage12.pdf,MD/webpage12.md,,,,,,,,,,,,,,,,,,,,,,,,,,,,,,,
鉅亨速報- Factset 最新調查：鴻海(2317-TW)EPS預估下修至14.3元 ...,https://m.cnyes.com/news/id/5903770,2025年3月17日 ... FactSet 最新調查：鴻海(2317-TW)EPS預估下修，預估EPS、預估營收、目標價、歷史獲利表現、即時新聞資訊。,PDF/webpage13.pdf,MD/webpage13.md,鴻海,2317-TW,2025-03-18,21,14.3,14.46,230,15.39,12.55,14.36,14.3,15.39,12.55,14.39,14.46,18.56,14.36,16.52,16.84,8846119430,7803506000,8349955810,8332032450,10500211000,8417701000,9489833430,9520563020,10443819120,10255969770,10349894440,10349894440
鉅亨速報- Factset 最新調查：欣興(3037-TW)目標價調降至184元 ...,https://tw.news.yahoo.com/%E9%89%85%E4%BA%A8%E9%80%9F%E5%A0%B1-factset-%E6%9C%80%E6%96%B0%E8%AA%BF%E6%9F%A5-%E6%AC%A3%E8%88%88-3037-041020415.html,2025年2月24日 ... FactSet 最新調查：欣興(3037-TW)目標價調降，最高估值、最低估值、中位數、綜合評級、近5日股價、大盤表現、即時新聞資訊。,PDF/webpage14.txt,MD/webpage14.md,欣興,3037-TW,2025-02-24,17,184,201.5,,,,,,,,,,,,,,,,,,,,,,,,,
FactSet Research Systems Inc. (FDS) Income Statement - Yahoo ...,https://finance.yahoo.com/quote/FDS/financials/,"2024年11月11日 ... Get the detailed quarterly/annual income statement for FactSet Research Systems Inc. (FDS). Find out the revenue, expenses and profit or loss over the last ...",,,,,,,,,,,,,,,,,,,,,,,,,,,,,,,,,
臺灣市值動能50指數,https://taiwanindex.com.tw/indexes/IX0220,2024年9月29日 ... 臺灣指數公司特選FactSet臺灣市值動能50指數(簡稱「臺灣市值動能50指數」)係依據產業分類自具市值代表性或增長動能、且兼顧獲利能力之上市公司中，透過結合市值、成長 ...,PDF/webpage16.pdf,MD/webpage16.md,,,2024-09-27,,,,,,,,,,,,,,,,,,,,,,,,,,,,
